{
  "metadata": {
    "normalization_shoulder": 602.8359426179078,
    "normalization_palm": 135.00892425708366,
    "fps": 30.0,
    "total_frames": 92,
    "source": "C:/Users/kyosh/Documents/GitHub/TASKS/mp4/abacate_base_boa.mp4"
  },
  "keyframes": [
    {
      "timestamp": 0.06666666666666667,
      "features": [
        0.9445974826812744,
        0.8380363583564758,
        0.4491375684738159,
        0.64169842004776,
        0.38814830780029297,
        1.212997317314148,
        0.7857548594474792,
        0.575534999370575,
        0.3615487515926361,
        0.20680935680866241,
        0.7110037803649902
      ],
      "intent_vector": [
        0.7013715505599976,
        0.7127959132194519
      ],
      "shape_delta": -0.2864251136779785,
      "importance_weight": 1.9387544393539429
    },
    {
      "timestamp": 0.16666666666666666,
      "features": [
        0.9366496801376343,
        0.8330209255218506,
        0.45570337772369385,
        0.619793713092804,
        0.3451111316680908,
        1.2595423460006714,
        0.9214009046554565,
        0.7955753207206726,
        0.7410454154014587,
        0.7377261519432068,
        0.788070797920227
      ],
      "intent_vector": [
        -0.6954277157783508,
        -0.7185960412025452
      ],
      "shape_delta": -0.9365711212158203,
      "importance_weight": 1.9577809907495975
    },
    {
      "timestamp": 0.23333333333333334,
      "features": [
        0.937774658203125,
        0.829405665397644,
        0.4667398929595947,
        0.6367201805114746,
        0.348786860704422,
        1.4496381282806396,
        1.1011792421340942,
        0.9005208015441895,
        0.7949590086936951,
        0.7702838778495789,
        0.8970806002616882
      ],
      "intent_vector": [
        0.3405087888240814,
        0.9402413368225098
      ],
      "shape_delta": -0.2926335334777832,
      "importance_weight": 1.9603256359696388
    },
    {
      "timestamp": 0.43333333333333335,
      "features": [
        0.9430013298988342,
        0.8106976747512817,
        0.4764731824398041,
        0.6647329330444336,
        0.3828311860561371,
        0.9652168154716492,
        0.98177570104599,
        0.43489858508110046,
        0.5121971368789673,
        0.6624066233634949,
        0.7739843726158142
      ],
      "intent_vector": [
        0.7128695845603943,
        0.7012966275215149
      ],
      "shape_delta": 1.9302010536193848,
      "importance_weight": 1.9368125088512897
    },
    {
      "timestamp": 0.5,
      "features": [
        0.9432217478752136,
        0.8019570112228394,
        0.4710253179073334,
        0.6162776350975037,
        0.3021107316017151,
        0.5656776428222656,
        0.8878827095031738,
        1.0053437948226929,
        1.1054984331130981,
        1.0650050640106201,
        0.5184330940246582
      ],
      "intent_vector": [
        0.767969012260437,
        0.6404869556427002
      ],
      "shape_delta": 1.5811262130737305,
      "importance_weight": 1.9272828549146652
    },
    {
      "timestamp": 0.6666666666666666,
      "features": [
        0.9693435430526733,
        0.8116497993469238,
        0.47614115476608276,
        0.565220296382904,
        0.3768827021121979,
        0.5921335816383362,
        0.9131125211715698,
        1.0750690698623657,
        1.1221039295196533,
        1.1142183542251587,
        0.5926873683929443
      ],
      "intent_vector": [
        -0.9000185132026672,
        -0.4358516335487366
      ],
      "shape_delta": -0.15484333038330078,
      "importance_weight": 1.911866344511509
    },
    {
      "timestamp": 0.7666666666666667,
      "features": [
        0.9823886156082153,
        0.8060731291770935,
        0.47377699613571167,
        0.6094537377357483,
        0.37178388237953186,
        1.1700111627578735,
        1.983983039855957,
        2.225977897644043,
        2.214439630508423,
        2.0566656589508057,
        0.646217405796051
      ],
      "intent_vector": [
        0.3207085430622101,
        0.9471779465675354
      ],
      "shape_delta": 0.5960760116577148,
      "importance_weight": 1.9413930959999561
    },
    {
      "timestamp": 0.9666666666666667,
      "features": [
        0.9894030690193176,
        0.8333153128623962,
        0.5499014854431152,
        0.7955185174942017,
        0.4991845488548279,
        1.6750447750091553,
        2.3900086879730225,
        2.303638219833374,
        2.089805841445923,
        1.8636820316314697,
        0.49504753947257996
      ],
      "intent_vector": [
        0.9004701375961304,
        0.4349179267883301
      ],
      "shape_delta": 0.45607948303222656,
      "importance_weight": 1.9223103746771812
    },
    {
      "timestamp": 1.1333333333333333,
      "features": [
        1.0008680820465088,
        0.8454708456993103,
        0.5837332606315613,
        0.8401793837547302,
        0.5616421699523926,
        1.02315354347229,
        1.3454865217208862,
        1.2279059886932373,
        1.1276262998580933,
        1.044986367225647,
        0.3797208070755005
      ],
      "intent_vector": [
        0.9490474462509155,
        0.31513306498527527
      ],
      "shape_delta": -0.5055046081542969,
      "importance_weight": 1.9243897125124931
    },
    {
      "timestamp": 1.2,
      "features": [
        1.002356767654419,
        0.8408905267715454,
        0.5653387308120728,
        0.8379508852958679,
        0.5600481033325195,
        0.7752619385719299,
        0.7377160787582397,
        0.6269475817680359,
        0.5533373951911926,
        0.5085898637771606,
        0.5146017074584961
      ],
      "intent_vector": [
        -0.8220611214637756,
        -0.5693992972373962
      ],
      "shape_delta": -0.5332612991333008,
      "importance_weight": 1.9185313321650028
    },
    {
      "timestamp": 1.3333333333333333,
      "features": [
        1.0119330883026123,
        0.8271153569221497,
        0.453983336687088,
        0.7589258551597595,
        0.4389803111553192,
        1.4475289583206177,
        1.7106781005859375,
        1.7877501249313354,
        1.761953592300415,
        1.599661946296692,
        0.6583575010299683
      ],
      "intent_vector": [
        -0.5923871994018555,
        -0.8056533336639404
      ],
      "shape_delta": -0.7091770172119141,
      "importance_weight": 1.9343521520495415
    },
    {
      "timestamp": 1.4666666666666666,
      "features": [
        1.0073845386505127,
        0.8132692575454712,
        0.434315949678421,
        0.6544386744499207,
        0.3573663830757141,
        1.4947446584701538,
        1.8455997705459595,
        1.9613864421844482,
        1.8969242572784424,
        1.6765364408493042,
        0.9692192077636719
      ],
      "intent_vector": [
        0.3263084590435028,
        0.9452633857727051
      ],
      "shape_delta": 0.38214874267578125,
      "importance_weight": 1.9367461800575256
    },
    {
      "timestamp": 1.5333333333333334,
      "features": [
        1.0113623142242432,
        0.8160340189933777,
        0.4350537061691284,
        0.7192099094390869,
        0.41581103205680847,
        1.5133388042449951,
        1.8988971710205078,
        1.9327293634414673,
        1.8367727994918823,
        1.6768248081207275,
        0.9035918116569519
      ],
      "intent_vector": [
        0.8767491579055786,
        0.4809478521347046
      ],
      "shape_delta": 0.1971139907836914,
      "importance_weight": 1.9163319654762745
    },
    {
      "timestamp": 1.6333333333333333,
      "features": [
        1.0032920837402344,
        0.8309311270713806,
        0.42834123969078064,
        0.8244447112083435,
        0.4616243541240692,
        1.6219645738601685,
        2.1924474239349365,
        2.1833508014678955,
        2.0653491020202637,
        1.8896408081054688,
        0.5899525880813599
      ],