{
  "metadata": {
    "normalization_shoulder": 622.4656025504862,
    "normalization_palm": 135.00892425708366,
    "fps": 30.0,
    "total_frames": 92,
    "source": "C:/Users/kyosh/Documents/GitHub/TASKS/mp4/abacate_base_boa.mp4"
  },
  "keyframes": [
    {
      "timestamp": 0.06666666666666667,
      "features": [
        0.9322142601013184,
        0.8280611038208008,
        0.43856993317604065,
        0.6101381778717041,
        0.45053601264953613,
        1.212997317314148,
        0.7857548594474792,
        0.575534999370575,
        0.3615487515926361,
        0.20680935680866241,
        0.7110037803649902
      ],
      "intent_vector": [
        0.7013715505599976,
        0.7127959132194519
      ],
      "shape_delta": -0.2864251136779785,
      "importance_weight": 1.8479899279773235
    },
    {
      "timestamp": 0.16666666666666666,
      "features": [
        0.9281327128410339,
        0.8328703045845032,
        0.447643905878067,
        0.6063077449798584,
        0.45229586958885193,
        1.2595423460006714,
        0.9214009046554565,
        0.7955753207206726,
        0.7410454154014587,
        0.7377261519432068,
        0.788070797920227
      ],
      "intent_vector": [
        -0.6954277157783508,
        -0.7185960412025452
      ],
      "shape_delta": -0.9365711212158203,
      "importance_weight": 1.803296972066164
    },
    {
      "timestamp": 0.23333333333333334,
      "features": [
        0.9316187500953674,
        0.8373143076896667,
        0.46441128849983215,
        0.6128271818161011,
        0.44786232709884644,
        1.4496381282806396,
        1.1011792421340942,
        0.9005208015441895,
        0.7949590086936951,
        0.7702838778495789,
        0.8970806002616882
      ],
      "intent_vector": [
        0.3405087888240814,
        0.9402413368225098
      ],
      "shape_delta": -0.2926335334777832,
      "importance_weight": 1.7587220892310143
    },
    {
      "timestamp": 0.43333333333333335,
      "features": [
        0.9677385091781616,
        0.8397327661514282,
        0.4832509756088257,
        0.6893235445022583,
        0.4776670038700104,
        0.9652168154716492,
        0.98177570104599,
        0.43489858508110046,
        0.5121971368789673,
        0.6624066233634949,
        0.7739843726158142
      ],
      "intent_vector": [
        0.7128695845603943,
        0.7012966275215149
      ],
      "shape_delta": 1.9302010536193848,
      "importance_weight": 1.7376748509705067
    },
    {
      "timestamp": 0.5,
      "features": [
        0.9707585573196411,
        0.8334260582923889,
        0.4690549969673157,
        0.7071065902709961,
        0.4541640281677246,
        0.5656776428222656,
        0.8878827095031738,
        1.0053437948226929,
        1.1054984331130981,
        1.0650050640106201,
        0.5184330940246582
      ],
      "intent_vector": [
        0.767969012260437,
        0.6404869556427002
      ],
      "shape_delta": 1.5811262130737305,
      "importance_weight": 1.7796423360705376
    },
    {
      "timestamp": 0.6666666666666666,
      "features": [
        0.9767278432846069,
        0.8350141644477844,
        0.4757482707500458,
        0.7032042741775513,
        0.32457536458969116,
        0.5921335816383362,
        0.9131125211715698,
        1.0750690698623657,
        1.1221039295196533,
        1.1142183542251587,
        0.5926873683929443
      ],
      "intent_vector": [
        -0.9000185132026672,
        -0.4358516335487366
      ],
      "shape_delta": -0.15484333038330078,
      "importance_weight": 1.8334671296179295
    },
    {
      "timestamp": 0.7666666666666667,
      "features": [
        0.9857396483421326,
        0.8308925628662109,
        0.45433691143989563,
        0.6731864213943481,
        0.2904124855995178,
        1.1700111627578735,
        1.983983039855957,
        2.225977897644043,
        2.214439630508423,
        2.0566656589508057,
        0.646217405796051
      ],
      "intent_vector": [
        0.3207085430622101,
        0.9471779465675354
      ],
      "shape_delta": 0.5960760116577148,
      "importance_weight": 1.8878402784466743
    },
    {
      "timestamp": 0.9666666666666667,
      "features": [
        1.000525951385498,
        0.8412336111068726,
        0.521373450756073,
        0.7626787424087524,
        0.4416177272796631,
        1.6750447750091553,
        2.3900086879730225,
        2.303638219833374,
        2.089805841445923,
        1.8636820316314697,
        0.49504753947257996
      ],
      "intent_vector": [
        0.9004701375961304,
        0.4349179267883301
      ],
      "shape_delta": 0.45607948303222656,
      "importance_weight": 1.8101526871323586
    },
    {
      "timestamp": 1.1333333333333333,
      "features": [
        0.9927907586097717,
        0.8286975622177124,
        0.5221512317657471,
        0.842293918132782,
        0.4939518868923187,
        1.02315354347229,
        1.3454865217208862,
        1.2279059886932373,
        1.1276262998580933,
        1.044986367225647,
        0.3797208070755005
      ],
      "intent_vector": [
        0.9490474462509155,
        0.31513306498527527
      ],
      "shape_delta": -0.5055046081542969,
      "importance_weight": 1.7738078273832798
    },
    {
      "timestamp": 1.2,
      "features": [
        0.9982523918151855,
        0.8286516666412354,
        0.49591168761253357,
        0.8380513191223145,
        0.51212078332901,
        0.7752619385719299,
        0.7377160787582397,
        0.6269475817680359,
        0.5533373951911926,
        0.5085898637771606,
        0.5146017074584961
      ],
      "intent_vector": [
        -0.8220611214637756,
        -0.5693992972373962
      ],
      "shape_delta": -0.5332612991333008,
      "importance_weight": 1.7807567603886127
    },
    {
      "timestamp": 1.3333333333333333,
      "features": [
        1.0098541975021362,
        0.8229086995124817,
        0.4352094531059265,
        0.777737021446228,
        0.4739901125431061,
        1.4475289583206177,
        1.7106781005859375,
        1.7877501249313354,
        1.761953592300415,
        1.599661946296692,
        0.6583575010299683
      ],
      "intent_vector": [
        -0.5923871994018555,
        -0.8056533336639404
      ],
      "shape_delta": -0.7091770172119141,
      "importance_weight": 1.869910091161728
    },
    {
      "timestamp": 1.4666666666666666,
      "features": [
        1.0026825666427612,
        0.8232159614562988,
        0.4346559941768646,
        0.7558989524841309,
        0.4469737410545349,
        1.4947446584701538,
        1.8455997705459595,
        1.9613864421844482,
        1.8969242572784424,
        1.6765364408493042,
        0.9692192077636719
      ],
      "intent_vector": [
        0.3263084590435028,
        0.9452633857727051
      ],
      "shape_delta": 0.38214874267578125,
      "importance_weight": 1.8810382522642612
    },
    {
      "timestamp": 1.5333333333333334,
      "features": [
        1.0094746351242065,
        0.8257021307945251,
        0.4383026361465454,
        0.7725741267204285,
        0.45856773853302,
        1.5133388042449951,
        1.8988971710205078,
        1.9327293634414673,
        1.8367727994918823,
        1.6768248081207275,
        0.9035918116569519
      ],
      "intent_vector": [
        0.8767491579055786,
        0.4809478521347046
      ],
      "shape_delta": 0.1971139907836914,
      "importance_weight": 1.843410201370716
    },
    {
      "timestamp": 1.6333333333333333,
      "features": [
        1.0094951391220093,
        0.832572340965271,
        0.4471547603607178,
        0.8329551219940186,
        0.5157618522644043,
        1.6219645738601685,
        2.1924474239349365,
        2.1833508014678955,
        2.0653491020202637,
        1.8896408081054688,
        0.5899525880813599
      ],